start_city,end_city,distance_km
Chittaurgarh,Ganganagar,520.1943252168818
Chittaurgarh,Pali,159.91138911757906
Chittaurgarh,Tonk,171.27146702659869
Chittaurgarh,Udaipur,118.27366052241116
Chittaurgarh,Dausa,284.01910568149697
Chittaurgarh,Karauli,288.4508520175616
Chittaurgarh,Sawai Madhopur,228.99855470445289
Chittaurgarh,Churu,389.73802637139954
Chittaurgarh,Kota,140.13462353237125
Chittaurgarh,Nagaur,254.64366540477297
Chittaurgarh,Sikar,315.2016635703111
Chittaurgarh,Ajmer,155.22806411062297
Chittaurgarh,Alwar,356.3587496750817
Chittaurgarh,Baran,200.5475244846845
Chittaurgarh,Barmer,347.8377225051856
Chittaurgarh,Bhilwara,72.32691648157589
Chittaurgarh,Bikaner,403.9664887142277
Chittaurgarh,Jhalawar,153.83423617543647
Chittaurgarh,Jodhpur,291.9660923541446
Chittaurgarh,Hanumangarh,492.8039431304344
Chittaurgarh,Jaipur,256.48189022845276
Chittaurgarh,Jaisalmer,461.2596837285391
Chittaurgarh,Rajsamand,99.33617145331438
Chittaurgarh,Banswara,155.7598003957043
Chittaurgarh,Bharatpur,366.39287797689457
Chittaurgarh,Bundi,123.15231525052249
Chittaurgarh,Dhaulpur,357.92654651474095
Chittaurgarh,Dungarpur,153.47736467158597
Chittaurgarh,Jalor,261.0132773280906
Chittaurgarh,Jhunjhunun,369.664169635018
Chittaurgarh,Pratapgarh,89.09520452100355
Chittaurgarh,Sirohi,202.93555103291516
Ganganagar,Chittaurgarh,520.1943252168818
Ganganagar,Pali,408.6540970596558
Ganganagar,Tonk,415.77195009930495
Ganganagar,Udaipur,552.8456128089264
Ganganagar,Dausa,403.99639292301185
Ganganagar,Karauli,461.9740069508946
Ganganagar,Sawai Madhopur,453.82807757139534
Ganganagar,Churu,160.65760218438945
Ganganagar,Kota,537.1509347027911
Ganganagar,Nagaur,265.55363092545895
Ganganagar,Sikar,257.8514763434709
Ganganagar,Ajmer,370.5597543040362
Ganganagar,Alwar,358.76951235264505
Ganganagar,Baran,581.1737333903662
Ganganagar,Barmer,455.0252805896279
Ganganagar,Bhilwara,448.9212154267613
Ganganagar,Bikaner,140.12296604004777
Ganganagar,Jhalawar,619.3333812927619
Ganganagar,Jodhpur,302.8203355104484
Ganganagar,Hanumangarh,96.73336951135684
Ganganagar,Jaipur,341.53818572283814
Ganganagar,Jaisalmer,366.22594757622636
Ganganagar,Rajsamand,464.22995095278264
Ganganagar,Banswara,660.7791817439333
Ganganagar,Bharatpur,435.3246530176087
Ganganagar,Bundi,486.9343852761897
Ganganagar,Dhaulpur,506.12026479923856
Ganganagar,Dungarpur,628.1166918256768
Ganganagar,Jalor,494.6507566496613
Ganganagar,Jhunjhunun,242.1253752723995
Ganganagar,Pratapgarh,604.857401691492
Ganganagar,Sirohi,519.6738995863993
Pali,Chittaurgarh,159.91138911757906
Pali,Ganganagar,408.6540970596558
Pali,Tonk,220.8981215256985
Pali,Udaipur,145.24444190477055
Pali,Dausa,324.88958592955964
Pali,Karauli,355.95527486418564
Pali,Sawai Madhopur,300.49832910966785
Pali,Churu,314.75854003813566
Pali,Kota,270.2951287070054
Pali,Nagaur,164.3479695802359
Pali,Sikar,276.75835528720813
Pali,Ajmer,138.30385464937282
Pali,Alwar,371.34410359439727
Pali,Baran,335.1535705983835
Pali,Barmer,205.48043524843484
Pali,Bhilwara,123.99459796512001
Pali,Bikaner,275.78026967195694
Pali,Jhalawar,310.30420290358694
Pali,Jodhpur,136.78710900809753
Pali,Hanumangarh,407.73820133710745
Pali,Jaipur,261.27580969436053
Pali,Jaisalmer,302.0244567598127
Pali,Rajsamand,66.04705363581746
Pali,Banswara,261.63807774886425
Pali,Bharatpur,411.61363704035097
Pali,Bundi,228.25193136802005
Pali,Dhaulpur,431.71657767524687
Pali,Dungarpur,221.41229949394992
Pali,Jalor,148.01763407769346
Pali,Jhunjhunun,332.42506660614646
Pali,Pratapgarh,219.80710016500439
Pali,Sirohi,129.2503315768253
Tonk,Chittaurgarh,171.27146702659869
Tonk,Ganganagar,415.77195009930495
Tonk,Pali,220.8981215256985
Tonk,Udaipur,276.1494613840639
Tonk,Dausa,115.06744651620954
Tonk,Karauli,135.5055958929881
Tonk,Sawai Madhopur,79.96503314667738
Tonk,Churu,262.1121134517101
Tonk,Kota,122.14848127520762
Tonk,Nagaur,179.42729653437624
Tonk,Sikar,169.5403498806329
Tonk,Ajmer,90.115204575971
Tonk,Alwar,185.13577922786124
Tonk,Baran,167.70826664208346
Tonk,Barmer,422.99356691433644
Tonk,Bhilwara,119.9097153344911
Tonk,Bikaner,334.3711172636258
Tonk,Jhalawar,208.10374907272686
Tonk,Jodhpur,295.31935315707153
Tonk,Hanumangarh,363.62933373032035
Tonk,Jaipur,92.62635006368254
Tonk,Jaisalmer,485.9624872158577
Tonk,Rajsamand,206.19037606030435
Tonk,Banswara,324.02755033357
Tonk,Bharatpur,201.06117603582894
Tonk,Bundi,75.60733616322369
Tonk,Dhaulpur,211.15719154141948
Tonk,Dungarpur,324.2259702579661
Tonk,Jalor,366.3733760001459
Tonk,Jhunjhunun,215.9664496812179
Tonk,Pratapgarh,254.8553896675415
Tonk,Sirohi,329.4305951889196
Udaipur,Chittaurgarh,118.27366052241116
Udaipur,Ganganagar,552.8456128089264
Udaipur,Pali,145.24444190477055
Udaipur,Tonk,276.1494613840639
Udaipur,Dausa,391.21449882202455
Udaipur,Karauli,402.59841099439626
Udaipur,Sawai Madhopur,342.7467284740795
Udaipur,Churu,447.37606502797524
Udaipur,Kota,257.5802146327393
Udaipur,Nagaur,298.2242348945833
Udaipur,Sikar,391.1629271456709
Udaipur,Ajmer,228.75219419857692
Udaipur,Alwar,456.78659262417807
Udaipur,Baran,315.43439581353596
Udaipur,Barmer,269.06414108315994
Udaipur,Bhilwara,157.40563495472276
Udaipur,Bikaner,421.022016075554
Udaipur,Jhalawar,252.82028739302547
Udaipur,Jodhpur,275.4887241970747
Udaipur,Hanumangarh,545.3708078685487
Udaipur,Jaipur,349.64512195257385
Udaipur,Jaisalmer,408.1008510402398
Udaipur,Rajsamand,91.52696528086558
Udaipur,Banswara,123.07032240780563
Udaipur,Bharatpur,476.54799063556356
Udaipur,Bundi,240.00405178895184
Udaipur,Dhaulpur,474.05200044204423
Udaipur,Dungarpur,76.29528085963975
Udaipur,Jalor,169.400811678573
Udaipur,Jhunjhunun,447.8922173952581
Udaipur,Pratapgarh,107.49369486923013
Udaipur,Sirohi,102.11165593986702
Dausa,Chittaurgarh,284.01910568149697
Dausa,Ganganagar,403.99639292301185
Dausa,Pali,324.88958592955964
Dausa,Tonk,115.06744651620954
Dausa,Udaipur,391.21449882202455
Dausa,Karauli,58.19073333938849
Dausa,Sawai Madhopur,70.97409442905345
Dausa,Churu,243.63329193067955
Dausa,Kota,195.70689224556327
Dausa,Nagaur,232.09127785367272
Dausa,Sikar,149.1030830039724
Dausa,Ajmer,186.6461481487144
Dausa,Alwar,81.99389313008463
Dausa,Baran,207.5936657748133
Dausa,Barmer,518.4281613076861
Dausa,Bhilwara,234.69837872800295
Dausa,Bikaner,360.6885236498627
Dausa,Jhalawar,281.77914793502464
Dausa,Jodhpur,370.6266442285639
Dausa,Hanumangarh,330.0670605545027
Dausa,Jaipur,79.63293835896263
Dausa,Jaisalmer,557.5325476518829
Dausa,Rajsamand,319.1280577076418
Dausa,Banswara,432.6974249574772
Dausa,Bharatpur,87.30129459370328
Dausa,Bundi,170.30082531898088
Dausa,Dhaulpur,119.87781226107742
Dausa,Dungarpur,437.4920989526196
Dausa,Jalor,472.75073942760156
Dausa,Jhunjhunun,166.6847057487257
Dausa,Pratapgarh,363.3675016961032
Dausa,Sirohi,441.11025135639903
Karauli,Chittaurgarh,288.4508520175616
Karauli,Ganganagar,461.9740069508946
Karauli,Pali,355.95527486418564
Karauli,Tonk,135.5055958929881
Karauli,Udaipur,402.59841099439626
Karauli,Dausa,58.19073333938849
Karauli,Sawai Madhopur,59.857367350617544
Karauli,Churu,301.73792750202915
Karauli,Kota,175.89369250472916
Karauli,Nagaur,282.5083866683421
Karauli,Sikar,207.19893821920058
Karauli,Ajmer,220.78531799711075
Karauli,Alwar,123.84512981602408
Karauli,Baran,170.27625184286177
Karauli,Barmer,555.9056926341481
Karauli,Bhilwara,251.69406504898933
Karauli,Bikaner,417.19727397744145
Karauli,Jhalawar,254.77390418366724
Karauli,Jodhpur,416.56014978419086
Karauli,Hanumangarh,386.55669707540494
Karauli,Jaipur,133.4090618797987
Karauli,Jaisalmer,605.6844582420212
Karauli,Rajsamand,340.06870513428436
Karauli,Banswara,427.4025544525006
Karauli,Bharatpur,86.20926061917623
Karauli,Bundi,166.30340675388007
Karauli,Dhaulpur,75.76162580053368
Karauli,Dungarpur,440.048894063663
Karauli,Jalor,501.8763702376767
Karauli,Jhunjhunun,223.2250732211655
Karauli,Pratapgarh,359.19343711652914
Karauli,Sirohi,463.7433696874286
Sawai Madhopur,Chittaurgarh,228.99855470445289
Sawai Madhopur,Ganganagar,453.82807757139534
Sawai Madhopur,Pali,300.49832910966785
Sawai Madhopur,Tonk,79.96503314667738
Sawai Madhopur,Udaipur,342.7467284740795
Sawai Madhopur,Dausa,70.97409442905345
Sawai Madhopur,Karauli,59.857367350617544
Sawai Madhopur,Churu,293.79887993400666
Sawai Madhopur,Kota,125.737373974877
Sawai Madhopur,Nagaur,245.6484249774771
Sawai Madhopur,Sikar,196.18671708017598
Sawai Madhopur,Ajmer,169.15791712191634
Sawai Madhopur,Alwar,152.92730234014456
Sawai Madhopur,Baran,138.4112803739798
Sawai Madhopur,Barmer,502.95514301138275
Sawai Madhopur,Bhilwara,192.47902903337206
Sawai Madhopur,Bikaner,391.76474122777836
Sawai Madhopur,Jhalawar,210.92203216836998
Sawai Madhopur,Jodhpur,371.6248406575679
Sawai Madhopur,Hanumangarh,387.75339433998073
Sawai Madhopur,Jaipur,112.44441823352857
Sawai Madhopur,Jaisalmer,562.1134768475621
Sawai Madhopur,Rajsamand,281.23524698300827
Sawai Madhopur,Banswara,370.7338627097243
Sawai Madhopur,Bharatpur,139.65052665813803
Sawai Madhopur,Bundi,107.87087628981436
Sawai Madhopur,Dhaulpur,133.50471426660562
Sawai Madhopur,Dungarpur,381.19950265895625
Sawai Madhopur,Jalor,444.92668488376427
Sawai Madhopur,Jhunjhunun,226.71678838945581
Sawai Madhopur,Pratapgarh,301.96856021634153
Sawai Madhopur,Sirohi,404.957861811484
Churu,Chittaurgarh,389.73802637139954
Churu,Ganganagar,160.65760218438945
Churu,Pali,314.75854003813566
Churu,Tonk,262.1121134517101
Churu,Udaipur,447.37606502797524
Churu,Dausa,243.63329193067955
Churu,Karauli,301.73792750202915
Churu,Sawai Madhopur,293.79887993400666
Churu,Kota,384.25175997855195
Churu,Nagaur,150.66875897647483
Churu,Sikar,97.61690155211254
Churu,Ajmer,234.54935826025226
Churu,Alwar,205.43784417622237
Churu,Baran,423.96518155170884
Churu,Barmer,431.2751640006124
Churu,Bhilwara,317.5225786046767
Churu,Bikaner,150.40982378186396
Churu,Jhalawar,469.464174909858
Churu,Jodhpur,258.5111202654479
Churu,Hanumangarh,103.65083750782448
Churu,Jaipur,182.00138210086763
Churu,Jaisalmer,399.7694267487681
Churu,Rajsamand,355.85913913322224
Churu,Banswara,540.6089779961627
Churu,Bharatpur,281.971907919629
Churu,Bundi,336.1459532466584
Churu,Dhaulpur,349.5000257406335
Churu,Dungarpur,517.9886232880306
Churu,Jalor,436.66251726516737
Churu,Jhunjhunun,88.40600641909533
Churu,Pratapgarh,478.1868076713931
Churu,Sirohi,441.1973328966239
Kota,Chittaurgarh,140.13462353237125
Kota,Ganganagar,537.1509347027911
Kota,Pali,270.2951287070054
Kota,Tonk,122.14848127520762
Kota,Udaipur,257.5802146327393
Kota,Dausa,195.70689224556327
Kota,Karauli,175.89369250472916
Kota,Sawai Madhopur,125.737373974877
Kota,Churu,384.25175997855195
Kota,Nagaur,289.65848960473727
Kota,Sikar,290.76146618779904
Kota,Ajmer,182.99092349294924
Kota,Alwar,277.47476207949086
Kota,Baran,64.88466120227194
Kota,Barmer,473.2254394512546
Kota,Bhilwara,146.41251065310547
Kota,Bikaner,448.10899145220736
Kota,Jhalawar,88.35539429013272
Kota,Jodhpur,380.10895241825506
Kota,Hanumangarh,485.4675908408723
Kota,Jaipur,209.61482581980306
Kota,Jaisalmer,565.7092144007121
Kota,Rajsamand,225.74323403179176
Kota,Banswara,255.87613599499116
Kota,Bharatpur,261.6238960572949
Kota,Bundi,52.189808419912154
Kota,Dhaulpur,233.6949264784292
Kota,Dungarpur,277.38993962690995
Kota,Jalor,395.10822693654177
Kota,Jhunjhunun,333.8027449228435
Kota,Pratapgarh,190.32963857027886
Kota,Sirohi,341.24510841677596
Nagaur,Chittaurgarh,254.64366540477297
Nagaur,Ganganagar,265.55363092545895
Nagaur,Pali,164.3479695802359
Nagaur,Tonk,179.42729653437624
Nagaur,Udaipur,298.2242348945833
Nagaur,Dausa,232.09127785367272
Nagaur,Karauli,282.5083866683421
Nagaur,Sawai Madhopur,245.6484249774771
Nagaur,Churu,150.66875897647483
Nagaur,Kota,289.65848960473727
Nagaur,Sikar,125.94608852504312
Nagaur,Ajmer,109.36075202224733
Nagaur,Alwar,246.3341484563455
Nagaur,Baran,344.4164516155248
Nagaur,Barmer,308.2543008529579
Nagaur,Bhilwara,183.63658871046906
Nagaur,Bikaner,158.67839423491844
Nagaur,Jhalawar,363.94890758670584
Nagaur,Jodhpur,143.32653115647386
Nagaur,Hanumangarh,247.17960695441053
Nagaur,Jaipur,152.74146523001698
Nagaur,Jaisalmer,325.79893827079553
Nagaur,Rajsamand,206.83215264859956
Nagaur,Banswara,397.95890015136956
Nagaur,Bharatpur,307.0158428442281
Nagaur,Bundi,237.47846167227192
Nagaur,Dhaulpur,351.8724586583205
Nagaur,Dungarpur,370.58158716710557
Nagaur,Jalor,294.1682859517206
Nagaur,Jhunjhunun,176.4212331982707
Nagaur,Pratapgarh,339.8085185424943
Nagaur,Sirohi,292.01700312962544
Sikar,Chittaurgarh,315.2016635703111
Sikar,Ganganagar,257.8514763434709
Sikar,Pali,276.75835528720813
Sikar,Tonk,169.5403498806329
Sikar,Udaipur,391.1629271456709
Sikar,Dausa,149.1030830039724
Sikar,Karauli,207.19893821920058
Sikar,Sawai Madhopur,196.18671708017598
Sikar,Churu,97.61690155211254
Sikar,Kota,290.76146618779904
Sikar,Nagaur,125.94608852504312
Sikar,Ajmer,163.9613915712046
Sikar,Alwar,130.2423928746318
Sikar,Baran,327.34298245481364
Sikar,Barmer,434.10911036352036
Sikar,Bhilwara,245.33997997910487
Sikar,Bikaner,216.2138790521365
Sikar,Jhalawar,377.59237626984435
Sikar,Jodhpur,266.3941047914663
Sikar,Hanumangarh,195.0839403824866
Sikar,Jaipur,84.58844494447014
Sikar,Jaisalmer,438.14504665868293
Sikar,Rajsamand,302.1127105742008
Sikar,Banswara,470.2529714837196
Sikar,Bharatpur,201.57475460206683
Sikar,Bundi,244.9601107344091
Sikar,Dhaulpur,261.8114958926839
Sikar,Dungarpur,455.77120437863664
Sikar,Jalor,416.3160740006811
Sikar,Jhunjhunun,56.799986234381606
Sikar,Pratapgarh,404.22136473054013
Sikar,Sirohi,405.86037388942896
Ajmer,Chittaurgarh,155.22806411062297
Ajmer,Ganganagar,370.5597543040362
Ajmer,Pali,138.30385464937282
Ajmer,Tonk,90.115204575971
Ajmer,Udaipur,228.75219419857692
Ajmer,Dausa,186.6461481487144
Ajmer,Karauli,220.78531799711075
Ajmer,Sawai Madhopur,169.15791712191634
Ajmer,Churu,234.54935826025226
Ajmer,Kota,182.99092349294924
Ajmer,Nagaur,109.36075202224733
Ajmer,Sikar,163.9613915712046
Ajmer,Alwar,236.2876758288606
Ajmer,Baran,241.48824134091538
Ajmer,Barmer,335.12116007796453
Ajmer,Bhilwara,83.20986741217381
Ajmer,Bikaner,267.65229241591567
Ajmer,Jhalawar,254.65157071583056
Ajmer,Jodhpur,206.3477161819007
Ajmer,Hanumangarh,337.78120553643265
Ajmer,Jaipur,125.90427115515065
Ajmer,Jaisalmer,396.7160169319459
Ajmer,Rajsamand,143.02939388243595
Ajmer,Banswara,307.9600807346638
Ajmer,Bharatpur,273.31240274676423
Ajmer,Bundi,131.07890502451414
Ajmer,Dhaulpur,296.2576340674069
Ajmer,Dungarpur,291.8198472901025
Ajmer,Jalor,286.28240701806953
Ajmer,Jhunjhunun,220.2321570615792
Ajmer,Pratapgarh,243.94201850106373
Ajmer,Sirohi,258.88224795408394
Alwar,Chittaurgarh,356.3587496750817
Alwar,Ganganagar,358.76951235264505
Alwar,Pali,371.34410359439727
Alwar,Tonk,185.13577922786124
Alwar,Udaipur,456.78659262417807
Alwar,Dausa,81.99389313008463
Alwar,Karauli,123.84512981602408
Alwar,Sawai Madhopur,152.92730234014456
Alwar,Churu,205.43784417622237
Alwar,Kota,277.47476207949086
Alwar,Nagaur,246.3341484563455
Alwar,Sikar,130.2423928746318
Alwar,Ajmer,236.2876758288606
Alwar,Baran,288.04348201057434
Alwar,Barmer,550.7146915776823
Alwar,Bhilwara,299.5220364726713
Alwar,Bikaner,343.7851393928072
Alwar,Jhalawar,363.77266784448557
Alwar,Jodhpur,389.6559962475503
Alwar,Hanumangarh,274.3473931591292
Alwar,Jaipur,110.4708928720893
Alwar,Jaisalmer,567.1459687658181
Alwar,Rajsamand,377.5408560746427
Alwar,Banswara,508.6165797959699
Alwar,Bharatpur,76.77682185698633
Alwar,Bundi,249.12726617501892
Alwar,Dhaulpur,148.37750107859537
Alwar,Dungarpur,508.9182106308596
Alwar,Jalor,518.332812244465
Alwar,Jhunjhunun,117.67279438823766
Alwar,Pratapgarh,439.2844167041174
Alwar,Sirohi,495.12677423325897
Baran,Chittaurgarh,200.5475244846845
Baran,Ganganagar,581.1737333903662
Baran,Pali,335.1535705983835
Baran,Tonk,167.70826664208346
Baran,Udaipur,315.43439581353596
Baran,Dausa,207.5936657748133
Baran,Karauli,170.27625184286177
Baran,Sawai Madhopur,138.4112803739798
Baran,Churu,423.96518155170884
Baran,Kota,64.88466120227194
Baran,Nagaur,344.4164516155248
Baran,Sikar,327.34298245481364
Baran,Ajmer,241.48824134091538
Baran,Alwar,288.04348201057434
Baran,Barmer,538.0119299417979
Baran,Bhilwara,211.2211732640526
Baran,Bikaner,501.3945361786836
Baran,Jhalawar,93.05126633535866
Baran,Jodhpur,442.72199989285167
Baran,Hanumangarh,521.8918426938168
Baran,Jaipur,243.01669624131273
Baran,Jaisalmer,629.5159020268816
Baran,Rajsamand,289.933325566961
Baran,Banswara,295.624716703251
Baran,Bharatpur,254.74163106865797
Baran,Bundi,111.80229676333876
Baran,Dhaulpur,209.47655932442805
Baran,Dungarpur,325.9121100803669
Baran,Jalor,458.7369353061472
Baran,Jhunjhunun,363.4781406085077
Baran,Pratapgarh,235.9862498445224
Baran,Sirohi,403.2457331450332
Barmer,Chittaurgarh,347.8377225051856
Barmer,Ganganagar,455.0252805896279
Barmer,Pali,205.48043524843484
Barmer,Tonk,422.99356691433644
Barmer,Udaipur,269.06414108315994
Barmer,Dausa,518.4281613076861
Barmer,Karauli,555.9056926341481
Barmer,Sawai Madhopur,502.95514301138275
Barmer,Churu,431.2751640006124
Barmer,Kota,473.2254394512546
Barmer,Nagaur,308.2543008529579
Barmer,Sikar,434.10911036352036
Barmer,Ajmer,335.12116007796453
Barmer,Alwar,550.7146915776823
Barmer,Baran,538.0119299417979
Barmer,Bhilwara,328.25345923340194
Barmer,Bikaner,319.1325440335545
Barmer,Jhalawar,501.4939787865432
Barmer,Jodhpur,172.93373102613765
Barmer,Hanumangarh,495.80053546836064
Barmer,Jaipur,446.1277932152145
Barmer,Jaisalmer,159.16648762460932
Barmer,Rajsamand,249.956881859215
Barmer,Banswara,385.1781014595658
Barmer,Bharatpur,602.424475011283
Barmer,Bundi,433.3464706321049
Barmer,Dhaulpur,631.3112172602292
Barmer,Dungarpur,327.5423378765078
Barmer,Jalor,102.53721789307963
Barmer,Jhunjhunun,481.9582849639011
Barmer,Pratapgarh,375.17619537003594
Barmer,Sirohi,169.9588276967881
Bhilwara,Chittaurgarh,72.32691648157589
Bhilwara,Ganganagar,448.9212154267613
Bhilwara,Pali,123.99459796512001
Bhilwara,Tonk,119.9097153344911
Bhilwara,Udaipur,157.40563495472276
Bhilwara,Dausa,234.69837872800295
Bhilwara,Karauli,251.69406504898933
Bhilwara,Sawai Madhopur,192.47902903337206
Bhilwara,Churu,317.5225786046767
Bhilwara,Kota,146.41251065310547
Bhilwara,Nagaur,183.63658871046906
Bhilwara,Sikar,245.33997997910487
Bhilwara,Ajmer,83.20986741217381
Bhilwara,Alwar,299.5220364726713
Bhilwara,Baran,211.2211732640526
Bhilwara,Barmer,328.25345923340194
Bhilwara,Bikaner,336.35198593553116
Bhilwara,Jhalawar,195.56075269863103
Bhilwara,Jodhpur,239.81705760351485
Bhilwara,Hanumangarh,420.5035226374301
Bhilwara,Jaipur,193.7124803924789
Bhilwara,Jaisalmer,421.0756680229866
Bhilwara,Rajsamand,89.15172561464804
Bhilwara,Banswara,225.12526791521287
Bhilwara,Bharatpur,320.970799160182
Bhilwara,Bundi,105.43171649928858
Bhilwara,Dhaulpur,325.94503496773086
Bhilwara,Dungarpur,212.83445444562264
Bhilwara,Jalor,257.0216138445393
Bhilwara,Jhunjhunun,300.7585962624503
Bhilwara,Pratapgarh,160.74918734116272
Bhilwara,Sirohi,212.705033095814
Bikaner,Chittaurgarh,403.9664887142277
Bikaner,Ganganagar,140.12296604004777
Bikaner,Pali,275.78026967195694
Bikaner,Tonk,334.3711172636258
Bikaner,Udaipur,421.022016075554
Bikaner,Dausa,360.6885236498627
Bikaner,Karauli,417.19727397744145
Bikaner,Sawai Madhopur,391.76474122777836
Bikaner,Churu,150.40982378186396
Bikaner,Kota,448.10899145220736
Bikaner,Nagaur,158.67839423491844
Bikaner,Sikar,216.2138790521365
Bikaner,Ajmer,267.65229241591567
Bikaner,Alwar,343.7851393928072
Bikaner,Baran,501.3945361786836
Bikaner,Barmer,319.1325440335545
Bikaner,Bhilwara,336.35198593553116
Bikaner,Jhalawar,522.2661633284744
Bikaner,Jodhpur,162.73168215256436
Bikaner,Hanumangarh,180.68634146920311
Bikaner,Jaipur,284.3251663465664
Bikaner,Jaisalmer,255.41416085376997
Bikaner,Rajsamand,335.7417189212096
Bikaner,Banswara,534.3727556574205
Bikaner,Bharatpur,417.44591864656996
Bikaner,Bundi,395.9691516214464
Bikaner,Dhaulpur,477.2126900115765
Bikaner,Dungarpur,497.1292308029976
Bikaner,Jalor,354.53092145844795
Bikaner,Jhunjhunun,233.5089576535888
Bikaner,Pratapgarh,483.5553174910414
Bikaner,Sirohi,380.91493415068976
Jhalawar,Chittaurgarh,153.83423617543647
Jhalawar,Ganganagar,619.3333812927619
Jhalawar,Pali,310.30420290358694
Jhalawar,Tonk,208.10374907272686
Jhalawar,Udaipur,252.82028739302547
Jhalawar,Dausa,281.77914793502464
Jhalawar,Karauli,254.77390418366724
Jhalawar,Sawai Madhopur,210.92203216836998
Jhalawar,Churu,469.464174909858
Jhalawar,Kota,88.35539429013272
Jhalawar,Nagaur,363.94890758670584
Jhalawar,Sikar,377.59237626984435
Jhalawar,Ajmer,254.65157071583056
Jhalawar,Alwar,363.77266784448557
Jhalawar,Baran,93.05126633535866
Jhalawar,Barmer,501.4939787865432
Jhalawar,Bhilwara,195.56075269863103
Jhalawar,Bikaner,522.2661633284744
Jhalawar,Jodhpur,435.11425938505
Jhalawar,Hanumangarh,571.5928384466323
Jhalawar,Jaipur,297.555915570426
Jhalawar,Jaisalmer,612.2517601155739
Jhalawar,Rajsamand,252.94049883073785
Jhalawar,Banswara,209.21843237866216
Jhalawar,Bharatpur,340.868587933045
Jhalawar,Bundi,133.31923830258978
Jhalawar,Dhaulpur,301.3639398709922
Jhalawar,Dungarpur,247.19310674491288
Jhalawar,Jalor,412.0837716484926
Jhalawar,Jhunjhunun,421.85478285875564
Jhalawar,Pratapgarh,157.55142820320938
Jhalawar,Sirohi,350.0082180915844
Jodhpur,Chittaurgarh,291.9660923541446
Jodhpur,Ganganagar,302.8203355104484
Jodhpur,Pali,136.78710900809753
Jodhpur,Tonk,295.31935315707153
Jodhpur,Udaipur,275.4887241970747
Jodhpur,Dausa,370.6266442285639
Jodhpur,Karauli,416.56014978419086
Jodhpur,Sawai Madhopur,371.6248406575679
Jodhpur,Churu,258.5111202654479
Jodhpur,Kota,380.10895241825506
Jodhpur,Nagaur,143.32653115647386
Jodhpur,Sikar,266.3941047914663
Jodhpur,Ajmer,206.3477161819007
Jodhpur,Alwar,389.6559962475503
Jodhpur,Baran,442.72199989285167
Jodhpur,Barmer,172.93373102613765
Jodhpur,Bhilwara,239.81705760351485
Jodhpur,Bikaner,162.73168215256436
Jodhpur,Jhalawar,435.11425938505
Jodhpur,Hanumangarh,328.65082329211725
Jodhpur,Jaipur,292.88618546600696
Jodhpur,Jaisalmer,190.66486097044043
Jodhpur,Rajsamand,202.79665696469164
Jodhpur,Banswara,396.12776372713165
Jodhpur,Bharatpur,449.0743910048871
Jodhpur,Bundi,330.96181248104824
Jodhpur,Dhaulpur,489.120659918349
Jodhpur,Dungarpur,351.21546150325645
Jodhpur,Jalor,192.01710687878395
Jodhpur,Jhunjhunun,311.1163105474616
Jodhpur,Pratapgarh,356.593128308018
Jodhpur,Sirohi,220.67824189035267
Hanumangarh,Chittaurgarh,492.8039431304344
Hanumangarh,Ganganagar,96.73336951135684
Hanumangarh,Pali,407.73820133710745
Hanumangarh,Tonk,363.62933373032035
Hanumangarh,Udaipur,545.3708078685487
Hanumangarh,Dausa,330.0670605545027
Hanumangarh,Karauli,386.55669707540494
Hanumangarh,Sawai Madhopur,387.75339433998073
Hanumangarh,Churu,103.65083750782448
Hanumangarh,Kota,485.4675908408723
Hanumangarh,Nagaur,247.17960695441053
Hanumangarh,Sikar,195.0839403824866
Hanumangarh,Ajmer,337.78120553643265
Hanumangarh,Alwar,274.3473931591292
Hanumangarh,Baran,521.8918426938168
Hanumangarh,Barmer,495.80053546836064
Hanumangarh,Bhilwara,420.5035226374301
Hanumangarh,Bikaner,180.68634146920311
Hanumangarh,Jhalawar,571.5928384466323
Hanumangarh,Jodhpur,328.65082329211725
Hanumangarh,Jaipur,278.90444921618985
Hanumangarh,Jaisalmer,432.72643389468897
Hanumangarh,Rajsamand,454.0115117922475
Hanumangarh,Banswara,642.4530179832215
Hanumangarh,Bharatpur,349.4787165197533
Hanumangarh,Bundi,438.3958148479166
Hanumangarh,Dhaulpur,422.7192244893159
Hanumangarh,Dungarpur,617.5702969977693
Hanumangarh,Jalor,517.1705254815972
Hanumangarh,Jhunjhunun,163.4167774021406
Hanumangarh,Pratapgarh,580.9502285992899
Hanumangarh,Sirohi,530.0870793161979
Jaipur,Chittaurgarh,256.48189022845276
Jaipur,Ganganagar,341.53818572283814
Jaipur,Pali,261.27580969436053
Jaipur,Tonk,92.62635006368254
Jaipur,Udaipur,349.64512195257385
Jaipur,Dausa,79.63293835896263
Jaipur,Karauli,133.4090618797987
Jaipur,Sawai Madhopur,112.44441823352857
Jaipur,Churu,182.00138210086763
Jaipur,Kota,209.61482581980306
Jaipur,Nagaur,152.74146523001698
Jaipur,Sikar,84.58844494447014
Jaipur,Ajmer,125.90427115515065
Jaipur,Alwar,110.4708928720893
Jaipur,Baran,243.01669624131273
Jaipur,Barmer,446.1277932152145
Jaipur,Bhilwara,193.7124803924789
Jaipur,Bikaner,284.3251663465664
Jaipur,Jhalawar,297.555915570426
Jaipur,Jodhpur,292.88618546600696
Jaipur,Hanumangarh,278.90444921618985
Jaipur,Jaisalmer,478.46923660464
Jaipur,Rajsamand,267.9174844584537
Jaipur,Banswara,411.77594694232624
Jaipur,Bharatpur,156.91385863189518
Jaipur,Bundi,167.42506988241468
Jaipur,Dhaulpur,199.50215583110662
Jaipur,Dungarpur,406.0064909467655
Jaipur,Jalor,408.73015799942726
Jaipur,Jhunjhunun,124.32760084767014
Jaipur,Pratapgarh,343.32565481720593
Jaipur,Sirohi,384.6723545156024
Jaisalmer,Chittaurgarh,461.2596837285391
Jaisalmer,Ganganagar,366.22594757622636
Jaisalmer,Pali,302.0244567598127
Jaisalmer,Tonk,485.9624872158577
Jaisalmer,Udaipur,408.1008510402398
Jaisalmer,Dausa,557.5325476518829
Jaisalmer,Karauli,605.6844582420212
Jaisalmer,Sawai Madhopur,562.1134768475621
Jaisalmer,Churu,399.7694267487681
Jaisalmer,Kota,565.7092144007121
Jaisalmer,Nagaur,325.79893827079553
Jaisalmer,Sikar,438.14504665868293
Jaisalmer,Ajmer,396.7160169319459
Jaisalmer,Alwar,567.1459687658181
Jaisalmer,Baran,629.5159020268816
Jaisalmer,Barmer,159.16648762460932
Jaisalmer,Bhilwara,421.0756680229866
Jaisalmer,Bikaner,255.41416085376997
Jaisalmer,Jhalawar,612.2517601155739
Jaisalmer,Jodhpur,190.66486097044043
Jaisalmer,Hanumangarh,432.72643389468897
Jaisalmer,Jaipur,478.46923660464
Jaisalmer,Rajsamand,363.07028224726537
Jaisalmer,Banswara,529.7671764747613
Jaisalmer,Bharatpur,632.093849898141
Jaisalmer,Bundi,518.3419498826645
Jaisalmer,Dhaulpur,676.9937063271036
Jaisalmer,Dungarpur,474.83194163086404
Jaisalmer,Jalor,255.41156277173428
Jaisalmer,Jhunjhunun,472.55696120976353
Jaisalmer,Pratapgarh,507.9943970675181
Jaisalmer,Sirohi,317.9659864955367
Rajsamand,Chittaurgarh,99.33617145331438
Rajsamand,Ganganagar,464.22995095278264
Rajsamand,Pali,66.04705363581746
Rajsamand,Tonk,206.19037606030435
Rajsamand,Udaipur,91.52696528086558
Rajsamand,Dausa,319.1280577076418
Rajsamand,Karauli,340.06870513428436
Rajsamand,Sawai Madhopur,281.23524698300827
Rajsamand,Churu,355.85913913322224
Rajsamand,Kota,225.74323403179176
Rajsamand,Nagaur,206.83215264859956
Rajsamand,Sikar,302.1127105742008
Rajsamand,Ajmer,143.02939388243595
Rajsamand,Alwar,377.5408560746427
Rajsamand,Baran,289.933325566961
Rajsamand,Barmer,249.956881859215
Rajsamand,Bhilwara,89.15172561464804
Rajsamand,Bikaner,335.7417189212096
Rajsamand,Jhalawar,252.94049883073785
Rajsamand,Jodhpur,202.79665696469164
Rajsamand,Hanumangarh,454.0115117922475
Rajsamand,Jaipur,267.9174844584537
Rajsamand,Jaisalmer,363.07028224726537
Rajsamand,Banswara,198.70405619305978
Rajsamand,Bharatpur,406.235421942381
Rajsamand,Bundi,191.84489000311646
Rajsamand,Dhaulpur,414.73894898114884
Rajsamand,Dungarpur,164.40061363519874
Rajsamand,Jalor,169.93114608076178
Rajsamand,Jhunjhunun,358.9111022098592
Rajsamand,Pratapgarh,153.82111636921127
Rajsamand,Sirohi,123.72300717796925
Banswara,Chittaurgarh,155.7598003957043
Banswara,Ganganagar,660.7791817439333
Banswara,Pali,261.63807774886425
Banswara,Tonk,324.02755033357
Banswara,Udaipur,123.07032240780563
Banswara,Dausa,432.6974249574772
Banswara,Karauli,427.4025544525006
Banswara,Sawai Madhopur,370.7338627097243
Banswara,Churu,540.6089779961627
Banswara,Kota,255.87613599499116
Banswara,Nagaur,397.95890015136956
Banswara,Sikar,470.2529714837196
Banswara,Ajmer,307.9600807346638
Banswara,Alwar,508.6165797959699
Banswara,Baran,295.624716703251
Banswara,Barmer,385.1781014595658
Banswara,Bhilwara,225.12526791521287
Banswara,Bikaner,534.3727556574205
Banswara,Jhalawar,209.21843237866216
Banswara,Jodhpur,396.12776372713165
Banswara,Hanumangarh,642.4530179832215
Banswara,Jaipur,411.77594694232624
Banswara,Jaisalmer,529.7671764747613
Banswara,Rajsamand,198.70405619305978
Banswara,Bharatpur,510.3825807662293
Banswara,Bundi,263.3561185571395
Banswara,Dhaulpur,489.43325525011863
Banswara,Dungarpur,59.231458597244334
Banswara,Jalor,282.8964530640781
Banswara,Jhunjhunun,525.1606285414807
Banswara,Pratapgarh,69.37552317917331
Banswara,Sirohi,215.2402442434105
Bharatpur,Chittaurgarh,366.39287797689457
Bharatpur,Ganganagar,435.3246530176087
Bharatpur,Pali,411.61363704035097
Bharatpur,Tonk,201.06117603582894
Bharatpur,Udaipur,476.54799063556356
Bharatpur,Dausa,87.30129459370328
Bharatpur,Karauli,86.20926061917623
Bharatpur,Sawai Madhopur,139.65052665813803
Bharatpur,Churu,281.971907919629
Bharatpur,Kota,261.6238960572949
Bharatpur,Nagaur,307.0158428442281
Bharatpur,Sikar,201.57475460206683
Bharatpur,Ajmer,273.31240274676423
Bharatpur,Alwar,76.77682185698633
Bharatpur,Baran,254.74163106865797
Bharatpur,Barmer,602.424475011283
Bharatpur,Bhilwara,320.970799160182
Bharatpur,Bikaner,417.44591864656996
Bharatpur,Jhalawar,340.868587933045
Bharatpur,Jodhpur,449.0743910048871
Bharatpur,Hanumangarh,349.4787165197533
Bharatpur,Jaipur,156.91385863189518
Bharatpur,Jaisalmer,632.093849898141
Bharatpur,Rajsamand,406.235421942381
Bharatpur,Banswara,510.3825807662293
Bharatpur,Bundi,247.29341928778948
Bharatpur,Dhaulpur,75.4577630315322
Bharatpur,Dungarpur,519.5210905537161
Bharatpur,Jalor,559.5884392372648
Bharatpur,Jhunjhunun,194.43527258025048
Bharatpur,Pratapgarh,441.56573048151205
Bharatpur,Sirohi,528.3968788813766
Bundi,Chittaurgarh,123.15231525052249
Bundi,Ganganagar,486.9343852761897
Bundi,Pali,228.25193136802005
Bundi,Tonk,75.60733616322369
Bundi,Udaipur,240.00405178895184
Bundi,Dausa,170.30082531898088
Bundi,Karauli,166.30340675388007
Bundi,Sawai Madhopur,107.87087628981436
Bundi,Churu,336.1459532466584
Bundi,Kota,52.189808419912154
Bundi,Nagaur,237.47846167227192
Bundi,Sikar,244.9601107344091
Bundi,Ajmer,131.07890502451414
Bundi,Alwar,249.12726617501892
Bundi,Baran,111.80229676333876
Bundi,Barmer,433.3464706321049
Bundi,Bhilwara,105.43171649928858
Bundi,Bikaner,395.9691516214464
Bundi,Jhalawar,133.31923830258978
Bundi,Jodhpur,330.96181248104824
Bundi,Hanumangarh,438.3958148479166
Bundi,Jaipur,167.42506988241468
Bundi,Jaisalmer,518.3419498826645
Bundi,Rajsamand,191.84489000311646
Bundi,Banswara,263.3561185571395
Bundi,Bharatpur,247.29341928778948
Bundi,Dhaulpur,234.77496362249346
Bundi,Dungarpur,273.7481414071444
Bundi,Jalor,361.466053979459
Bundi,Jhunjhunun,291.364096063406
Bundi,Pratapgarh,194.33431816515412
Bundi,Sirohi,312.95550257689354
Dhaulpur,Chittaurgarh,357.92654651474095
Dhaulpur,Ganganagar,506.12026479923856
Dhaulpur,Pali,431.71657767524687
Dhaulpur,Tonk,211.15719154141948
Dhaulpur,Udaipur,474.05200044204423
Dhaulpur,Dausa,119.87781226107742
Dhaulpur,Karauli,75.76162580053368
Dhaulpur,Sawai Madhopur,133.50471426660562
Dhaulpur,Churu,349.5000257406335
Dhaulpur,Kota,233.6949264784292
Dhaulpur,Nagaur,351.8724586583205
Dhaulpur,Sikar,261.8114958926839
Dhaulpur,Ajmer,296.2576340674069
Dhaulpur,Alwar,148.37750107859537
Dhaulpur,Baran,209.47655932442805
Dhaulpur,Barmer,631.3112172602292
Dhaulpur,Bhilwara,325.94503496773086
Dhaulpur,Bikaner,477.2126900115765
Dhaulpur,Jhalawar,301.3639398709922
Dhaulpur,Jodhpur,489.120659918349
Dhaulpur,Hanumangarh,422.7192244893159
Dhaulpur,Jaipur,199.50215583110662
Dhaulpur,Jaisalmer,676.9937063271036
Dhaulpur,Rajsamand,414.73894898114884
Dhaulpur,Banswara,489.43325525011863
Dhaulpur,Bharatpur,75.4577630315322
Dhaulpur,Bundi,234.77496362249346
Dhaulpur,Dungarpur,506.96241706388076
Dhaulpur,Jalor,577.5114666371809
Dhaulpur,Jhunjhunun,264.02703273484246
Dhaulpur,Pratapgarh,422.83588581391217
Dhaulpur,Sirohi,538.4618491078527
Dungarpur,Chittaurgarh,153.47736467158597
Dungarpur,Ganganagar,628.1166918256768
Dungarpur,Pali,221.41229949394992
Dungarpur,Tonk,324.2259702579661
Dungarpur,Udaipur,76.29528085963975
Dungarpur,Dausa,437.4920989526196
Dungarpur,Karauli,440.048894063663
Dungarpur,Sawai Madhopur,381.19950265895625
Dungarpur,Churu,517.9886232880306
Dungarpur,Kota,277.38993962690995
Dungarpur,Nagaur,370.58158716710557
Dungarpur,Sikar,455.77120437863664
Dungarpur,Ajmer,291.8198472901025
Dungarpur,Alwar,508.9182106308596
Dungarpur,Baran,325.9121100803669
Dungarpur,Barmer,327.5423378765078
Dungarpur,Bhilwara,212.83445444562264
Dungarpur,Bikaner,497.1292308029976
Dungarpur,Jhalawar,247.19310674491288
Dungarpur,Jodhpur,351.21546150325645
Dungarpur,Hanumangarh,617.5702969977693
Dungarpur,Jaipur,406.0064909467655
Dungarpur,Jaisalmer,474.83194163086404
Dungarpur,Rajsamand,164.40061363519874
Dungarpur,Banswara,59.231458597244334
Dungarpur,Bharatpur,519.5210905537161
Dungarpur,Bundi,273.7481414071444
Dungarpur,Dhaulpur,506.96241706388076
Dungarpur,Jalor,225.04137355626062
Dungarpur,Jhunjhunun,512.0065932576484
Dungarpur,Pratapgarh,90.30734413624388
Dungarpur,Sirohi,158.0279683994718
Jalor,Chittaurgarh,261.0132773280906
Jalor,Ganganagar,494.6507566496613
Jalor,Pali,148.01763407769346
Jalor,Tonk,366.3733760001459
Jalor,Udaipur,169.400811678573
Jalor,Dausa,472.75073942760156
Jalor,Karauli,501.8763702376767
Jalor,Sawai Madhopur,444.92668488376427
Jalor,Churu,436.66251726516737
Jalor,Kota,395.10822693654177
Jalor,Nagaur,294.1682859517206
Jalor,Sikar,416.3160740006811
Jalor,Ajmer,286.28240701806953
Jalor,Alwar,518.332812244465
Jalor,Baran,458.7369353061472
Jalor,Barmer,102.53721789307963
Jalor,Bhilwara,257.0216138445393
Jalor,Bikaner,354.53092145844795
Jalor,Jhalawar,412.0837716484926
Jalor,Jodhpur,192.01710687878395
Jalor,Hanumangarh,517.1705254815972
Jalor,Jaipur,408.73015799942726
Jalor,Jaisalmer,255.41156277173428
Jalor,Rajsamand,169.93114608076178
Jalor,Banswara,282.8964530640781
Jalor,Bharatpur,559.5884392372648
Jalor,Bundi,361.466053979459
Jalor,Dhaulpur,577.5114666371809
Jalor,Dungarpur,225.04137355626062
Jalor,Jhunjhunun,469.81044298808285
Jalor,Pratapgarh,276.70071541712855
Jalor,Sirohi,68.09269054485286
Jhunjhunun,Chittaurgarh,369.664169635018
Jhunjhunun,Ganganagar,242.1253752723995
Jhunjhunun,Pali,332.42506660614646
Jhunjhunun,Tonk,215.9664496812179
Jhunjhunun,Udaipur,447.8922173952581
Jhunjhunun,Dausa,166.6847057487257
Jhunjhunun,Karauli,223.2250732211655
Jhunjhunun,Sawai Madhopur,226.71678838945581
Jhunjhunun,Churu,88.40600641909533
Jhunjhunun,Kota,333.8027449228435
Jhunjhunun,Nagaur,176.4212331982707
Jhunjhunun,Sikar,56.799986234381606
Jhunjhunun,Ajmer,220.2321570615792
Jhunjhunun,Alwar,117.67279438823766
Jhunjhunun,Baran,363.4781406085077
Jhunjhunun,Barmer,481.9582849639011
Jhunjhunun,Bhilwara,300.7585962624503
Jhunjhunun,Bikaner,233.5089576535888
Jhunjhunun,Jhalawar,421.85478285875564
Jhunjhunun,Jodhpur,311.1163105474616
Jhunjhunun,Hanumangarh,163.4167774021406
Jhunjhunun,Jaipur,124.32760084767014
Jhunjhunun,Jaisalmer,472.55696120976353
Jhunjhunun,Rajsamand,358.9111022098592
Jhunjhunun,Banswara,525.1606285414807
Jhunjhunun,Bharatpur,194.43527258025048
Jhunjhunun,Bundi,291.364096063406
Jhunjhunun,Dhaulpur,264.02703273484246
Jhunjhunun,Dungarpur,512.0065932576484
Jhunjhunun,Jalor,469.81044298808285
Jhunjhunun,Pratapgarh,458.44294943148833
Jhunjhunun,Sirohi,461.6552955424903
Pratapgarh,Chittaurgarh,89.09520452100355
Pratapgarh,Ganganagar,604.857401691492
Pratapgarh,Pali,219.80710016500439
Pratapgarh,Tonk,254.8553896675415
Pratapgarh,Udaipur,107.49369486923013
Pratapgarh,Dausa,363.3675016961032
Pratapgarh,Karauli,359.19343711652914
Pratapgarh,Sawai Madhopur,301.96856021634153
Pratapgarh,Churu,478.1868076713931
Pratapgarh,Kota,190.32963857027886
Pratapgarh,Nagaur,339.8085185424943
Pratapgarh,Sikar,404.22136473054013
Pratapgarh,Ajmer,243.94201850106373
Pratapgarh,Alwar,439.2844167041174
Pratapgarh,Baran,235.9862498445224
Pratapgarh,Barmer,375.17619537003594
Pratapgarh,Bhilwara,160.74918734116272
Pratapgarh,Bikaner,483.5553174910414
Pratapgarh,Jhalawar,157.55142820320938
Pratapgarh,Jodhpur,356.593128308018
Pratapgarh,Hanumangarh,580.9502285992899
Pratapgarh,Jaipur,343.32565481720593
Pratapgarh,Jaisalmer,507.9943970675181
Pratapgarh,Rajsamand,153.82111636921127
Pratapgarh,Banswara,69.37552317917331
Pratapgarh,Bharatpur,441.56573048151205
Pratapgarh,Bundi,194.33431816515412
Pratapgarh,Dhaulpur,422.83588581391217
Pratapgarh,Dungarpur,90.30734413624388
Pratapgarh,Jalor,276.70071541712855
Pratapgarh,Jhunjhunun,458.44294943148833
Pratapgarh,Sirohi,209.6051792507248
Sirohi,Chittaurgarh,202.93555103291516
Sirohi,Ganganagar,519.6738995863993
Sirohi,Pali,129.2503315768253
Sirohi,Tonk,329.4305951889196
Sirohi,Udaipur,102.11165593986702
Sirohi,Dausa,441.11025135639903
Sirohi,Karauli,463.7433696874286
Sirohi,Sawai Madhopur,404.957861811484
Sirohi,Churu,441.1973328966239
Sirohi,Kota,341.24510841677596
Sirohi,Nagaur,292.01700312962544
Sirohi,Sikar,405.86037388942896
Sirohi,Ajmer,258.88224795408394
Sirohi,Alwar,495.12677423325897
Sirohi,Baran,403.2457331450332
Sirohi,Barmer,169.9588276967881
Sirohi,Bhilwara,212.705033095814
Sirohi,Bikaner,380.91493415068976
Sirohi,Jhalawar,350.0082180915844
Sirohi,Jodhpur,220.67824189035267
Sirohi,Hanumangarh,530.0870793161979
Sirohi,Jaipur,384.6723545156024
Sirohi,Jaisalmer,317.9659864955367
Sirohi,Rajsamand,123.72300717796925
Sirohi,Banswara,215.2402442434105
Sirohi,Bharatpur,528.3968788813766
Sirohi,Bundi,312.95550257689354
Sirohi,Dhaulpur,538.4618491078527
Sirohi,Dungarpur,158.0279683994718
Sirohi,Jalor,68.09269054485286
Sirohi,Jhunjhunun,461.6552955424903
Sirohi,Pratapgarh,209.6051792507248
